id;temp;humedad;dias_vida_util;path_imagen
1;34.01428613;74.38554263;0;data/images/food_01.jpg
2;29.63987884;89.28256261;0.530668772;data/images/food_02.jpg
3;32.32352292;88.21380432;0;data/images/food_03.jpg
4;34.39819704;94.44506036;0;data/images/food_04.jpg
5;31.64885282;92.48267029;0.249632589;data/images/food_05.jpg
6;31.16794696;81.33299491;0.399452246;data/images/food_06.jpg
7;33.18640804;78.16511194;0;data/images/food_07.jpg
8;34.39169256;89.36157527;0;data/images/food_08.jpg
9;30.50265647;73.80217103;0.759498505;data/images/food_09.jpg
10;33.78997883;92.25804643;0;data/images/food_10.jpg
11;32.89654701;85.94524561;0;data/images/food_11.jpg
12;31.57475018;84.57230362;0.208719807;data/images/food_12.jpg
13;34.73773873;62.92575462;0;data/images/food_13.jpg
14;29.13714688;94.44750754;0.312819612;data/images/food_14.jpg
15;32.26206852;85.38552565;0;data/images/food_15.jpg
16;32.74425485;94.60258818;0;data/images/food_16.jpg
17;30.21570097;77.34815577;0.536685156;data/images/food_17.jpg
18;27.72820823;93.60961836;0.824473468;data/images/food_18.jpg
19;33.15132948;94.77085202;0;data/images/food_19.jpg
20;31.16240759;74.16384903;0.93165124;data/images/food_20.jpg
21;32.4292118;76.10387935;0.213655031;data/images/food_21.jpg
22;32.85117997;61.95200192;0.927579864;data/images/food_22.jpg
23;31.1488031;89.99366359;0;data/images/food_23.jpg
24;32.921826;93.00431742;0;data/images/food_24.jpg
25;32.21461167;68.38039459;0.700786615;data/images/food_25.jpg
26;33.85819408;80.74664436;0;data/images/food_26.jpg
27;34.43564165;76.65835031;0;data/images/food_27.jpg
28;34.2489459;87.11064347;0;data/images/food_28.jpg
29;33.16531772;81.87633395;0.273948721;data/images/food_29.jpg
30;34.71300908;77.83751202;0.030508525;data/images/food_30.jpg
31;30.23239231;89.63918416;0;data/images/food_31.jpg
32;31.70604991;86.80851609;0.243009062;data/images/food_32.jpg
33;33.73459977;84.24625561;0;data/images/food_33.jpg
34;33.49387237;78.46798519;0.428409982;data/images/food_34.jpg
35;32.54678707;91.94126475;0;data/images/food_35.jpg
36;28.19968092;92.17528193;0.397430167;data/images/food_36.jpg
37;32.94431516;76.19767071;0.887761068;data/images/food_37.jpg
38;33.00836114;65.56473756;0.355578212;data/images/food_38.jpg
39;29.51911358;93.80700361;0.548706554;data/images/food_39.jpg
40;32.9422052;93.59950349;0;data/images/food_40.jpg
41;32.74172849;83.73433243;0;data/images/food_41.jpg
42;28.15225785;92.7888603;0.60355495;data/images/food_42.jpg
43;34.4602111;67.89174791;0.052698164;data/images/food_43.jpg
44;32.8409311;94.27899416;0;data/images/food_44.jpg
45;30.89622607;90.23446417;0;data/images/food_45.jpg
46;27.90944592;93.56870426;0.011144777;data/images/food_46.jpg
47;33.80917169;89.08804256;0;data/images/food_47.jpg
48;34.07857154;84.94685838;0;data/images/food_48.jpg
49;33.2972878;84.69148301;0;data/images/food_49.jpg
50;33.56637125;78.17991447;0;data/images/food_50.jpg
51;34.27239954;91.43815315;0.096967823;data/images/food_51.jpg
52;32.06018911;77.74926415;0.464149653;data/images/food_52.jpg
53;32.02273343;55.2788685;0.727666708;data/images/food_53.jpg
54;33.72309548;59.0236127;0.141295369;data/images/food_54.jpg
55;34.801077;85.89015953;0;data/images/food_55.jpg
56;32.54746144;50.5229243;0.633707653;data/images/food_56.jpg
57;31.18722311;81.27418488;0.467695832;data/images/food_57.jpg
58;31.20226789;88.70550787;0;data/images/food_58.jpg
59;32.34144637;85.0932945;0.127228699;data/images/food_59.jpg
60;27.99927862;94.3998167;0.889650392;data/images/food_60.jpg
61;32.80010684;77.81700804;0.745685864;data/images/food_61.jpg
62;31.45201121;75.53933817;0.867357923;data/images/food_62.jpg
63;34.51704159;89.19361057;0;data/images/food_63.jpg
64;34.25296829;86.77839965;0;data/images/food_64.jpg
65;34.09730561;93.91393651;0;data/images/food_65.jpg
66;30.15692221;82.36408002;0.538487207;data/images/food_66.jpg
67;32.12979682;76.04039339;0.74386238;data/images/food_67.jpg
68;27.84838556;89.30404571;0.616898311;data/images/food_68.jpg
69;33.82929618;82.99008601;0;data/images/food_69.jpg
70;34.22381128;82.21212341;0;data/images/food_70.jpg
71;33.10701284;90.90646343;0;data/images/food_71.jpg
72;31.28936965;66.16550162;0.690139226;data/images/food_72.jpg
73;32.54944027;61.61600447;0.402882531;data/images/food_73.jpg
74;30.01229503;93.64194703;0.468239408;data/images/food_74.jpg
75;31.13669479;70.42052936;0.942140813;data/images/food_75.jpg
76;34.81010284;60.62227085;0.660419076;data/images/food_76.jpg
77;30.52825921;73.38982769;0.987225683;data/images/food_77.jpg
78;33.61514651;87.29975146;0;data/images/food_78.jpg
79;30.01742136;77.7715244;0.219681139;data/images/food_79.jpg
80;33.05105813;57.54286473;0.880656154;data/images/food_80.jpg
81;33.10763953;76.3409464;0.223213821;data/images/food_81.jpg
82;34.01214294;62.13873252;0.967222725;data/images/food_82.jpg
83;30.04749059;92.02437579;0;data/images/food_83.jpg
84;32.75408366;92.83153034;0;data/images/food_84.jpg
85;31.43720119;81.71063432;0.6992692;data/images/food_85.jpg
86;31.25599135;89.06640145;0.156621894;data/images/food_86.jpg
87;33.94497155;57.97174053;0.476984184;data/images/food_87.jpg
88;34.72002128;81.16816785;0;data/images/food_88.jpg
89;30.06756371;87.71518803;0.221520164;data/images/food_89.jpg
90;30.54293832;72.37286438;0.822265325;data/images/food_90.jpg
91;33.1270877;75.6774386;0.384648613;data/images/food_91.jpg
92;34.24345097;94.97361766;0;data/images/food_92.jpg
93;32.37198256;68.31085823;0.253233122;data/images/food_93.jpg
94;34.26445079;85.20734678;0;data/images/food_94.jpg
95;34.39757653;83.23021442;0;data/images/food_95.jpg
96;32.82286227;68.18631447;0.835750366;data/images/food_96.jpg
97;34.85929592;80.04170235;0.159599282;data/images/food_97.jpg
98;34.38605071;85.9016142;0;data/images/food_98.jpg
99;33.02316021;66.49076907;0.514031671;data/images/food_99.jpg
100;34.00822968;67.48511456;0.075918802;data/images/food_100.jpg
101;32.80527568;70.19121302;0.444215427;data/images/food_101.jpg
102;34.48789615;67.09036011;0.711662281;data/images/food_102.jpg
103;34.72421489;88.85001423;0;data/images/food_103.jpg
104;31.27590039;65.35615224;0.93979334;data/images/food_104.jpg
105;33.21854369;76.10775662;0.360329727;data/images/food_105.jpg
106;31.45074486;74.0121146;0.960965768;data/images/food_106.jpg
107;33.99599827;77.35572918;0.358863043;data/images/food_107.jpg
108;29.51439017;84.41974677;0.856009717;data/images/food_108.jpg
109;33.65456967;92.99856632;0;data/images/food_109.jpg
110;31.21106662;90.4113747;0.579218981;data/images/food_110.jpg
111;34.39828796;65.82302093;0.080536619;data/images/food_111.jpg
112;32.29444753;74.26225745;0.899156244;data/images/food_112.jpg
113;31.25802018;64.00884646;0.700224214;data/images/food_113.jpg
114;34.99435347;77.46502025;0;data/images/food_114.jpg
115;34.93273674;82.22678034;0;data/images/food_115.jpg
116;33.8953146;55.4848742;0.983271751;data/images/food_116.jpg
117;34.08102055;81.90708178;0;data/images/food_117.jpg
118;30.44636783;78.4918119;0.490473277;data/images/food_118.jpg
119;32.53307205;60.26358974;0.77658853;data/images/food_119.jpg
120;30.10274511;87.79375863;0.307431533;data/images/food_120.jpg
121;32.24727417;59.753291;0.74774679;data/images/food_121.jpg
122;33.5317525;78.88871752;0.355131236;data/images/food_122.jpg
123;34.60065151;67.59076982;0.536173124;data/images/food_123.jpg
124;32.9357682;82.59524677;0;data/images/food_124.jpg
125;32.47157248;64.98508609;0.603845195;data/images/food_125.jpg
126;33.41744801;80.12691298;0;data/images/food_126.jpg
127;29.96519381;82.87927296;0.828502698;data/images/food_127.jpg
128;29.26699172;84.0273498;0.928339154;data/images/food_128.jpg
129;32.81054561;83.98716892;0;data/images/food_129.jpg
130;34.73030498;73.20557425;0;data/images/food_130.jpg
131;32.93530849;89.50884442;0;data/images/food_131.jpg
132;34.64757234;63.71056126;0.119988453;data/images/food_132.jpg
133;34.38940867;57.80860317;0.450432329;data/images/food_133.jpg
134;32.31014252;81.272799;0.638630094;data/images/food_134.jpg
135;31.34144142;65.57448769;0.333791281;data/images/food_135.jpg
136;25.65178865;93.46199725;0.905775697;data/images/food_136.jpg
137;34.79920465;54.75491079;0.612112169;data/images/food_137.jpg
138;33.59058288;94.76898427;0;data/images/food_138.jpg
139;34.30053821;81.2765853;0;data/images/food_139.jpg
140;33.76680914;56.40122159;0.71204214;data/images/food_140.jpg
141;30.90534624;94.85135842;0.217123854;data/images/food_141.jpg
142;31.2914944;78.07531263;0.218203281;data/images/food_142.jpg
143;32.54401082;89.89718969;0;data/images/food_143.jpg
144;29.9521876;84.61872021;0.368185505;data/images/food_144.jpg
145;33.12944222;84.21304204;0.376489041;data/images/food_145.jpg
146;30.88050379;86.06917003;0.340792053;data/images/food_146.jpg
147;30.24917371;83.18106848;0.487043584;data/images/food_147.jpg
148;32.53531274;71.42081582;0.118288272;data/images/food_148.jpg
149;31.92904583;85.32574447;0.992245243;data/images/food_149.jpg
150;30.94590732;85.41065238;0;data/images/food_150.jpg
151;33.16901123;90.28029833;0;data/images/food_151.jpg
152;33.94566679;73.32836099;0.360368385;data/images/food_152.jpg
153;33.64236565;82.23455246;0.142302138;data/images/food_153.jpg
154;29.14477269;93.04256292;0.94622471;data/images/food_154.jpg
155;29.72888471;84.8594089;0.910058375;data/images/food_155.jpg
156;33.6873403;79.7616775;0;data/images/food_156.jpg
157;34.69682398;79.71362239;0;data/images/food_157.jpg
158;31.77796173;84.3967698;0.803117179;data/images/food_158.jpg
159;25.37676114;93.55370157;0.8556076;data/images/food_159.jpg
160;33.39711233;73.863596;0;data/images/food_160.jpg
161;29.75002496;85.94213862;0.296006117;data/images/food_161.jpg
162;26.61176701;91.76376381;0.505187776;data/images/food_162.jpg
163;34.22140635;77.58228121;0;data/images/food_163.jpg
164;34.93748504;58.88617204;0.609118055;data/images/food_164.jpg
165;29.99920941;86.71761225;0.52852901;data/images/food_165.jpg
166;32.96108579;88.09314524;0.377247527;data/images/food_166.jpg
167;30.51055233;84.94013509;0.038555142;data/images/food_167.jpg
168;33.92230924;82.66909595;0.274647426;data/images/food_168.jpg
169;28.43785487;89.29953121;0.916489849;data/images/food_169.jpg
170;31.60439729;86.00319359;0;data/images/food_170.jpg
171;32.92671637;58.46111306;0.85365891;data/images/food_171.jpg
172;31.34887123;93.11330661;0.189515854;data/images/food_172.jpg
173;33.96906614;76.68699504;0;data/images/food_173.jpg
174;32.36935952;81.30281659;0;data/images/food_174.jpg
175;32.89104454;77.88152019;0.390519927;data/images/food_175.jpg
176;31.69860474;75.26680646;0.343749962;data/images/food_176.jpg
177;34.68804361;75.22970425;0;data/images/food_177.jpg
178;33.28597613;87.12722346;0;data/images/food_178.jpg
179;28.02840777;85.32036397;0.697206024;data/images/food_179.jpg
180;31.59483607;81.84564206;0.835869668;data/images/food_180.jpg
181;33.28823892;83.10484014;0;data/images/food_181.jpg
182;33.73659479;87.42636697;0;data/images/food_182.jpg
183;30.41824407;86.11894894;0.109236075;data/images/food_183.jpg
184;28.76804793;82.75726881;0.608863493;data/images/food_184.jpg
185;31.38204635;82.82787029;0;data/images/food_185.jpg
186;30.98831758;84.44808045;0.372592178;data/images/food_186.jpg
187;33.34627151;93.04765795;0;data/images/food_187.jpg
188;34.00474708;52.56746245;0.377211098;data/images/food_188.jpg
189;22.49080238;58.3309818;3.897218904;data/images/food_189.jpg
190;26.97316968;82.95011989;1.944225854;data/images/food_190.jpg
191;18.12037281;86.29525165;4.705917888;data/images/food_191.jpg
192;18.11989041;79.6452515;4.180180828;data/images/food_192.jpg
193;16.16167224;81.1524454;5.840220341;data/images/food_193.jpg
194;27.02230023;61.2350604;2.820873262;data/images/food_194.jpg
195;29.16145156;72.02412336;1.276752525;data/images/food_195.jpg
196;15.41168989;59.95442488;5.16665166;data/images/food_196.jpg
197;19.24678221;51.77420651;5.496591232;data/images/food_197.jpg
198;18.63649934;81.75088276;4.355001417;data/images/food_198.jpg
199;18.6680902;91.63617428;4.075733836;data/images/food_199.jpg
200;21.08484486;58.12589053;3.986979087;data/images/food_200.jpg
201;25.49512863;75.55753537;2.309058303;data/images/food_201.jpg
202;23.63890037;91.19697339;2.745613558;data/images/food_202.jpg
203;20.8245828;51.52756904;4.549101995;data/images/food_203.jpg
204;27.23705789;81.38391203;1.906465996;data/images/food_204.jpg
205;17.78987721;63.38070533;4.815710667;data/images/food_205.jpg
206;20.84289297;91.59782879;3.40045566;data/images/food_206.jpg
207;22.32723687;93.69762103;2.599127147;data/images/food_207.jpg
208;24.12139968;92.49199201;1.331414586;data/images/food_208.jpg
209;30.70351923;71.33963975;1.804331921;data/images/food_209.jpg
210;18.99347564;88.79191929;3.495065554;data/images/food_210.jpg
211;25.28468877;88.00472293;1.609231004;data/images/food_211.jpg
212;26.84829138;64.3595213;2.827821121;data/images/food_212.jpg
213;15.92900825;87.30119634;5.430556382;data/images/food_213.jpg
214;27.15089704;51.66534356;2.763552801;data/images/food_214.jpg
215;18.41048247;76.83214453;4.666087956;data/images/food_215.jpg
216;16.30103186;60.35039768;6.306578808;data/images/food_216.jpg
217;33.97771075;55.42550986;1.381964087;data/images/food_217.jpg
218;34.31264066;53.46289407;1.121283876;data/images/food_218.jpg
219;21.09227538;65.29437337;3.993803606;data/images/food_219.jpg
220;16.95344228;82.61450472;4.826314022;data/images/food_220.jpg
221;28.68466053;52.94103534;2.211480568;data/images/food_221.jpg
222;23.80304987;64.1880652;2.189006536;data/images/food_222.jpg
223;17.4407647;74.27710816;5.272195085;data/images/food_223.jpg
224;24.9035382;85.58254242;2.701778839;data/images/food_224.jpg
225;15.68777042;64.34386263;4.895009524;data/images/food_225.jpg
226;20.17559963;89.86899867;3.763447307;data/images/food_226.jpg
227;28.25044569;77.71384347;2.667921855;data/images/food_227.jpg
228;21.23422152;60.48317636;4.615971579;data/images/food_228.jpg
229;25.40136042;51.09803517;3.460688644;data/images/food_229.jpg
230;25.93420559;89.15444933;1.670567637;data/images/food_230.jpg
231;18.69708911;50.95712349;6.530455302;data/images/food_231.jpg
232;26.95799958;94.90703497;1.228583536;data/images/food_232.jpg
233;33.4374847;65.7820317;1.491992234;data/images/food_233.jpg
234;16.76985004;84.523473;4.904410974;data/images/food_234.jpg
235;18.91965725;68.08689111;4.793581519;data/images/food_235.jpg
236;15.90454578;71.59440291;5.503010486;data/images/food_236.jpg
237;21.50660662;78.23774584;2.854535319;data/images/food_237.jpg
238;22.77354579;89.31547014;3.143717644;data/images/food_238.jpg
239;20.42698064;94.28375611;3.118799405;data/images/food_239.jpg
240;22.13506653;68.7995052;5.516058564;data/images/food_240.jpg
241;20.61869019;68.9610651;4.515716141;data/images/food_241.jpg
242;25.85392166;83.19120357;1.708367797;data/images/food_242.jpg
243;17.8184845;60.74497156;5.404027274;data/images/food_243.jpg
244;31.04393962;54.97133509;2.512474216;data/images/food_244.jpg
245;16.49101287;65.95799709;5.811431488;data/images/food_245.jpg
246;30.44489539;63.33386542;2.15945258;data/images/food_246.jpg
247;18.97431363;60.5123488;4.948016428;data/images/food_247.jpg
248;15.11044234;51.89419353;7.808806509;data/images/food_248.jpg
249;31.30922857;50.80432706;2.607039109;data/images/food_249.jpg
250;29.58014336;69.24979102;2.303975622;data/images/food_250.jpg
251;30.42540693;67.29469912;1.541570719;data/images/food_251.jpg
252;16.48089303;80.58412772;5.452912541;data/images/food_252.jpg
253;22.16931457;59.82142495;4.60050079;data/images/food_253.jpg
254;17.31738119;92.74825328;3.744194651;data/images/food_254.jpg
255;27.46596254;54.0234951;3.574016893;data/images/food_255.jpg
256;21.6179605;68.79113491;3.907667439;data/images/food_256.jpg
257;16.27116701;89.56032384;4.438809475;data/images/food_257.jpg
258;21.21964643;92.512941;2.53089773;data/images/food_258.jpg
259;21.50366644;71.03306801;4.2090462;data/images/food_259.jpg
260;29.59212357;77.60351251;2.273449764;data/images/food_260.jpg
261;27.75114943;57.51652757;2.265062336;data/images/food_261.jpg
262;24.4442985;60.42522656;4.351559399;data/images/food_262.jpg
263;17.39188492;92.42292984;4.121467337;data/images/food_263.jpg
264;29.26489574;79.2340992;1.485012215;data/images/food_264.jpg
265;26.22554395;73.070983;2.692941213;data/images/food_265.jpg
266;30.4193436;60.38014153;1.761617711;data/images/food_266.jpg
267;24.87591193;57.94376144;4.132903348;data/images/food_267.jpg
268;25.45465659;59.92187941;3.961202079;data/images/food_268.jpg
269;23.55082037;58.3897218;5.310049621;data/images/food_269.jpg
270;15.50838253;85.08130131;5.383236761;data/images/food_270.jpg
271;17.15782854;65.75563666;5.727767763;data/images/food_271.jpg
272;15.62858371;52.60292045;6.778471014;data/images/food_272.jpg
273;21.28711962;89.77036482;3.294587794;data/images/food_273.jpg
274;25.17141382;91.74885274;1.713432511;data/images/food_274.jpg
275;19.98584458;57.82528621;5.771781082;data/images/food_275.jpg
276;23.20765846;67.83089085;3.142886637;data/images/food_276.jpg
277;30.11102277;84.12073141;1.330595879;data/images/food_277.jpg
278;19.57596331;81.32092781;4.71972215;data/images/food_278.jpg
279;16.5395982;56.92531579;6.132820488;data/images/food_279.jpg
280;20.79502906;86.71249062;2.364939302;data/images/food_280.jpg
281;18.22442575;60.09982573;5.223769996;data/images/food_281.jpg
282;33.59395305;60.07179267;1.566721726;data/images/food_282.jpg
283;27.66807513;76.68229707;1.365811491;data/images/food_283.jpg
284;31.07344154;54.11690768;2.392432168;data/images/food_284.jpg
285;18.73140118;89.48573882;4.17965949;data/images/food_285.jpg
286;25.78684484;55.82817146;3.28912577;data/images/food_286.jpg
287;21.3600695;88.79574278;3.959879856;data/images/food_287.jpg
288;17.20103849;86.42822336;4.35711705;data/images/food_288.jpg
289;19.55870325;79.48588913;4.766673829;data/images/food_289.jpg
290;23.54215577;74.78858168;3.95858221;data/images/food_290.jpg
291;31.36029532;53.9144042;2.395346644;data/images/food_291.jpg
292;15.13904261;66.77098327;6.321603099;data/images/food_292.jpg
293;25.21494605;61.68892027;3.338972368;data/images/food_293.jpg
294;23.34822006;82.55390512;2.415987795;data/images/food_294.jpg
295;19.44215621;72.31440808;4.713812374;data/images/food_295.jpg
296;17.39730735;53.64707972;5.508933915;data/images/food_296.jpg
297;21.75230343;59.90824409;5.072736461;data/images/food_297.jpg
298;21.46405864;53.42588868;4.990067802;data/images/food_298.jpg
299;25.37581243;88.30431113;2.113684649;data/images/food_299.jpg
300;29.06037918;72.28159372;1.538354074;data/images/food_300.jpg
301;22.27259205;71.62639598;4.030249487;data/images/food_301.jpg
302;20.03564592;65.65141436;4.033745667;data/images/food_302.jpg
303;24.94497012;80.51072687;2.554162411;data/images/food_303.jpg
304;21.0175662;75.45793838;4.891297722;data/images/food_304.jpg
305;20.69680989;62.01627216;4.189977764;data/images/food_305.jpg
306;15.73773895;89.53834939;4.462888361;data/images/food_306.jpg
307;27.19128668;85.88417097;1.805359372;data/images/food_307.jpg
308;25.05358046;79.63033256;2.592200124;data/images/food_308.jpg
309;16.02957502;88.27617781;4.952633652;data/images/food_309.jpg
310;20.57292928;89.02823904;3.621302827;data/images/food_310.jpg
311;19.79123781;87.66559978;4.234198588;data/images/food_311.jpg
312;17.89789744;81.38621578;4.766229307;data/images/food_312.jpg
313;24.78905521;80.60633473;2.412337875;data/images/food_313.jpg
314;19.84110543;83.87224878;4.803996899;data/images/food_314.jpg
315;28.44271095;57.13722974;2.544008355;data/images/food_315.jpg
316;19.75275088;89.23295875;4.166067133;data/images/food_316.jpg
317;29.56432697;51.31612774;2.50470494;data/images/food_317.jpg
318;22.35566265;87.16175378;1.848878742;data/images/food_318.jpg
319;27.64611661;55.79914404;3.339918653;data/images/food_319.jpg
320;27.67059422;65.08034844;2.17714022;data/images/food_320.jpg
321;25.71549368;83.45787153;2.067191678;data/images/food_321.jpg
322;16.8057954;57.23419532;6.262541779;data/images/food_322.jpg
323;21.4156013;87.44603801;3.557743618;data/images/food_323.jpg
324;18.73037021;72.83604802;4.521343351;data/images/food_324.jpg
325;15.81550283;50.28736423;6.997533838;data/images/food_325.jpg
326;26.81785886;62.91671599;2.679033202;data/images/food_326.jpg
327;28.55128724;77.76171133;1.915933503;data/images/food_327.jpg
328;15.33175658;94.15337801;5.000487868;data/images/food_328.jpg
329;25.24186117;78.43160872;2.038141863;data/images/food_329.jpg
330;19.5299155;61.69116115;5.59945835;data/images/food_330.jpg
331;27.90345581;78.53025664;1.434468703;data/images/food_331.jpg
332;18.48732858;74.29934209;5.142863221;data/images/food_332.jpg
333;28.81875476;85.09304278;1.283365089;data/images/food_333.jpg
334;22.73470693;54.81412875;5.357973323;data/images/food_334.jpg
335;17.75041888;74.35699604;4.782366135;data/images/food_335.jpg
336;21.82132702;93.33464017;2.777160082;data/images/food_336.jpg
337;17.26947042;65.38424747;5.398356608;data/images/food_337.jpg
338;20.15883255;54.61293776;4.694862136;data/images/food_338.jpg
339;31.344444;80.9548575;1.02407772;data/images/food_339.jpg
340;26.10401623;53.05266766;4.371468434;data/images/food_340.jpg
341;25.59301157;63.54336051;3.092703895;data/images/food_341.jpg
342;19.83704582;81.86774399;3.871088194;data/images/food_342.jpg
343;16.86205536;53.03077707;6.324870621;data/images/food_343.jpg
344;27.66202915;77.9411983;1.923515833;data/images/food_344.jpg
345;21.78059582;52.05839152;5.350500493;data/images/food_345.jpg
346;21.98419149;89.21915628;3.194331823;data/images/food_346.jpg
347;30.59751092;55.85388081;2.366990344;data/images/food_347.jpg
348;27.84063292;84.12184382;1.114680091;data/images/food_348.jpg
349;16.6827993;51.10641124;5.5245232;data/images/food_349.jpg
350;18.23257428;50.99555982;6.236051024;data/images/food_350.jpg
351;32.97108377;64.56245986;1.567381148;data/images/food_351.jpg
352;27.12858119;71.98894357;2.193254206;data/images/food_352.jpg
353;15.18394103;84.6683338;5.687838274;data/images/food_353.jpg
354;17.02943086;80.74829195;5.659895274;data/images/food_354.jpg
355;28.27003538;70.06562179;2.673165523;data/images/food_355.jpg
356;15.10123168;62.31319998;7.173952762;data/images/food_356.jpg
357;18.21616103;94.87060251;4.162685312;data/images/food_357.jpg
358;25.97467579;69.1781586;2.786406153;data/images/food_358.jpg
359;28.83790395;70.31241609;1.032025103;data/images/food_359.jpg
360;28.03922519;57.36307195;2.597047601;data/images/food_360.jpg
361;19.48538619;85.76642969;3.444439361;data/images/food_361.jpg
362;29.24358443;81.21570016;2.251611023;data/images/food_362.jpg
363;19.74498175;59.93463258;4.99183094;data/images/food_363.jpg
364;21.50799396;53.70714705;4.923846862;data/images/food_364.jpg
365;29.9298281;80.62246859;1.265670828;data/images/food_365.jpg
366;27.99265798;79.45300464;1.651353597;data/images/food_366.jpg
367;31.98446821;62.29667871;2.137351122;data/images/food_367.jpg
368;26.36617207;56.79760513;3.347571851;data/images/food_368.jpg
369;16.87349536;69.45506605;5.093962798;data/images/food_369.jpg
370;22.35431606;92.46271641;2.010558106;data/images/food_370.jpg
371;20.30404735;68.88772926;4.158514785;data/images/food_371.jpg
372;19.87979287;78.73366764;4.080860359;data/images/food_372.jpg
373;22.86195449;62.33968411;3.678218957;data/images/food_373.jpg
374;27.62277252;68.42003028;2.250613943;data/images/food_374.jpg
375;25.05274186;60.34795727;3.84680756;data/images/food_375.jpg
376;26.53807769;59.58971168;3.100310985;data/images/food_376.jpg
377;24.85035388;51.40103373;3.246066401;data/images/food_377.jpg
378;18.90485976;79.32500714;4.207687178;data/images/food_378.jpg
379;29.44904231;66.58368547;1.460024832;data/images/food_379.jpg
380;20.61544725;88.89612124;3.530147018;data/images/food_380.jpg
381;15.48631933;71.2944458;6.459607134;data/images/food_381.jpg
382;18.54221359;58.34864821;5.577416553;data/images/food_382.jpg
383;22.40317401;88.01524527;2.502300869;data/images/food_383.jpg
384;15.30913233;84.24607959;5.035429353;data/images/food_384.jpg
385;23.56368297;55.9060195;4.673597705;data/images/food_385.jpg
386;34.33309638;51.46367808;1.137543006;data/images/food_386.jpg
387;20.88897784;85.84417809;3.086894359;data/images/food_387.jpg
388;22.70195457;71.66850582;2.849131141;data/images/food_388.jpg
389;21.3384401;55.63336065;4.024731965;data/images/food_389.jpg
390;18.38985493;80.85043793;4.574084949;data/images/food_390.jpg
391;26.13602525;69.36376527;2.945366673;data/images/food_391.jpg
392;28.92059593;72.1217546;2.165252647;data/images/food_392.jpg
393;26.4012234;52.88940217;3.193632345;data/images/food_393.jpg
394;16.94352988;76.18871309;5.180901889;data/images/food_394.jpg
395;27.30014453;62.1047032;3.510831794;data/images/food_395.jpg
396;17.8016803;63.96628815;5.326916177;data/images/food_396.jpg
397;25.36659305;70.48490671;2.420180638;data/images/food_397.jpg
398;29.81537236;53.26010995;2.032806136;data/images/food_398.jpg
399;28.94031482;67.66221004;1.829229933;data/images/food_399.jpg
400;29.04968168;71.59724756;1.211643354;data/images/food_400.jpg
401;22.18982302;77.00092467;3.427378376;data/images/food_401.jpg
402;20.87183689;63.12481604;4.620634074;data/images/food_402.jpg
403;33.26481105;51.78284714;1.652384652;data/images/food_403.jpg
404;25.22684798;71.62281263;2.305605437;data/images/food_404.jpg
405;25.03032589;54.72185803;4.46027552;data/images/food_405.jpg
406;30.96590358;60.89202571;1.616333574;data/images/food_406.jpg
407;29.03933755;56.41229943;2.821690977;data/images/food_407.jpg
408;30.91585339;72.44996691;1.219353704;data/images/food_408.jpg
409;21.75990314;81.61092367;3.535044958;data/images/food_409.jpg
410;22.51165905;75.18419076;3.181074059;data/images/food_410.jpg
411;16.8796388;50.43968813;6.594875717;data/images/food_411.jpg
412;26.56560282;64.69075887;2.223918107;data/images/food_412.jpg
413;15.71884548;73.29702395;5.673775012;data/images/food_413.jpg
414;24.31196036;53.95399246;3.992097273;data/images/food_414.jpg
415;25.85289269;65.7782119;2.851163168;data/images/food_415.jpg
416;20.73082504;51.4941399;5.141776737;data/images/food_416.jpg
417;26.81666521;53.53603237;2.337274295;data/images/food_417.jpg
418;15.610005;67.86154743;5.649558675;data/images/food_418.jpg
419;15.74696377;55.97220893;6.523722871;data/images/food_419.jpg
420;22.20381283;81.02592361;2.773722401;data/images/food_420.jpg
421;17.54121025;86.02640146;5.069170772;data/images/food_421.jpg
422;25.4448652;59.00676099;2.983114966;data/images/food_422.jpg
423;30.39987106;57.5367162;2.487931472;data/images/food_423.jpg
424;19.31642055;54.70555282;5.683393375;data/images/food_424.jpg
425;27.45780952;78.63936123;1.507575429;data/images/food_425.jpg
426;16.7069493;81.79140769;5.786000272;data/images/food_426.jpg
427;16.03363442;51.42137652;6.022022431;data/images/food_427.jpg
428;25.62709263;92.12955108;2.164971743;data/images/food_428.jpg
429;25.81270243;52.33870776;4.139545041;data/images/food_429.jpg
430;27.74859803;74.35833509;1.622193732;data/images/food_430.jpg
431;29.52182667;81.90772338;1.744298479;data/images/food_431.jpg
432;25.32600697;82.13391195;2.439849128;data/images/food_432.jpg
433;21.45912946;86.07776374;3.388533895;data/images/food_433.jpg
434;30.9037239;65.27525866;1.397965527;data/images/food_434.jpg
435;20.41664503;86.66713012;3.947054123;data/images/food_435.jpg
436;23.77942841;53.60516809;4.582657432;data/images/food_436.jpg
437;16.56912763;90.26674952;3.641658249;data/images/food_437.jpg
438;15.50701487;74.64165693;6.267982815;data/images/food_438.jpg
439;31.71960241;70.3543228;1.482676239;data/images/food_439.jpg
440;28.91948412;78.96099628;1.939457518;data/images/food_440.jpg
441;23.17905889;73.68811974;2.816393131;data/images/food_441.jpg
442;18.4658864;82.92152848;4.108750512;data/images/food_442.jpg
443;18.12874085;53.67334919;5.32485795;data/images/food_443.jpg
444;20.00485796;52.71584378;5.255289907;data/images/food_444.jpg
445;25.98453329;61.11964553;2.994640593;data/images/food_445.jpg
446;29.29191845;57.17951061;2.7432792;data/images/food_446.jpg
447;28.20394753;89.2302605;1.732457088;data/images/food_447.jpg
448;20.59867794;59.86462943;5.525007052;data/images/food_448.jpg
449;29.75793833;65.16031063;1.709992031;data/images/food_449.jpg
450;26.08708105;58.19530621;2.422391279;data/images/food_450.jpg
451;27.23441492;85.53643282;1.149918848;data/images/food_451.jpg
452;23.39200125;79.6418499;3.482732947;data/images/food_452.jpg
453;19.95461979;72.41880724;5.200465113;data/images/food_453.jpg
454;22.11945357;74.99135979;2.997421503;data/images/food_454.jpg
455;15.28786977;60.28046336;6.386413022;data/images/food_455.jpg
456;17.32145281;94.83502622;4.201893425;data/images/food_456.jpg
457;15.92005284;93.8656923;4.125897773;data/images/food_457.jpg
458;15.81457605;79.26465589;5.504424914;data/images/food_458.jpg
459;32.10921168;58.97941029;1.181346308;data/images/food_459.jpg
460;29.07315719;80.61027091;1.240313163;data/images/food_460.jpg
461;24.48347658;53.2489284;4.265652729;data/images/food_461.jpg
462;16.95668321;51.3793626;6.347238041;data/images/food_462.jpg
463;24.8323175;61.59572998;3.252325305;data/images/food_463.jpg
464;24.46943542;70.81803305;3.063462821;data/images/food_464.jpg
465;18.4640374;89.07226274;3.962994164;data/images/food_465.jpg
466;23.67703298;82.72260814;2.575754183;data/images/food_466.jpg
467;22.97009469;83.42179345;2.80848389;data/images/food_467.jpg
468;27.31700196;69.14720005;3.146862994;data/images/food_468.jpg
469;27.70187302;65.56707466;2.691544086;data/images/food_469.jpg
470;15.9060802;66.69674433;5.745598566;data/images/food_470.jpg
471;22.49225229;94.44423037;2.878589996;data/images/food_471.jpg
472;27.51719831;51.80491361;2.98768508;data/images/food_472.jpg
473;25.06272517;89.01641733;2.616923901;data/images/food_473.jpg
474;28.17387263;69.73769386;2.007302445;data/images/food_474.jpg
475;18.25868854;82.63659472;4.614422164;data/images/food_475.jpg
476;16.41137495;71.90010236;4.696144321;data/images/food_476.jpg
477;15.53022621;90.53158388;4.21739044;data/images/food_477.jpg
478;26.71551163;68.97744171;2.607945974;data/images/food_478.jpg
479;33.80460483;62.45725088;1.602013507;data/images/food_479.jpg
480;26.50948356;76.65576479;3.330016767;data/images/food_480.jpg
481;22.76339852;91.05635055;2.937188466;data/images/food_481.jpg
482;27.86576437;59.47979851;2.916703002;data/images/food_482.jpg
483;24.16505781;78.03349626;1.948278977;data/images/food_483.jpg
484;25.91233579;78.4202099;2.033951869;data/images/food_484.jpg
485;22.72205276;55.92054583;4.076933083;data/images/food_485.jpg
486;18.9158227;58.0857399;4.431316291;data/images/food_486.jpg
487;16.38722602;60.68944962;6.423314842;data/images/food_487.jpg
488;17.01556003;93.71277923;3.673321517;data/images/food_488.jpg
489;15.36443651;58.14396287;6.603094335;data/images/food_489.jpg
490;16.88885922;88.4473292;5.54801711;data/images/food_490.jpg
491;28.66013547;72.15250354;1.334641887;data/images/food_491.jpg
492;16.42377297;61.12539835;4.75145443;data/images/food_492.jpg
493;21.37951261;89.18374556;2.983956829;data/images/food_493.jpg
494;31.89750622;70.03873648;1.479291128;data/images/food_494.jpg
495;15.46543871;73.16678093;6.681203066;data/images/food_495.jpg
496;20.6370955;76.68278831;4.223081547;data/images/food_496.jpg
497;17.36329655;57.35857427;5.690427093;data/images/food_497.jpg
498;28.93474331;67.59866915;1.886669373;data/images/food_498.jpg
499;27.57885694;93.62355451;2.367336868;data/images/food_499.jpg
500;29.70142088;79.5531499;1.238786073;data/images/food_500.jpg
501;31.06961861;64.63355289;1.681283359;data/images/food_501.jpg
502;20.64069145;84.80629066;4.110371194;data/images/food_502.jpg
503;18.54879088;55.88931473;5.689888577;data/images/food_503.jpg
504;23.25235354;53.30735363;4.187330119;data/images/food_504.jpg
505;22.44036172;57.63910573;4.696722144;data/images/food_505.jpg
506;21.81607081;65.16514294;4.385471808;data/images/food_506.jpg
507;32.16825504;69.38993856;1.443051686;data/images/food_507.jpg
508;23.57988055;61.19214227;3.840731861;data/images/food_508.jpg
509;30.09085748;81.80497476;1.513454768;data/images/food_509.jpg
510;17.06247738;57.51688586;5.552546344;data/images/food_510.jpg
511;25.10504745;51.65021421;3.588144408;data/images/food_511.jpg
512;31.52914932;83.13809068;1.071569716;data/images/food_512.jpg
513;21.40099202;79.87120374;2.5183051;data/images/food_513.jpg
514;32.91046457;71.35838941;2.127815425;data/images/food_514.jpg
515;22.78403357;87.9876702;3.293434822;data/images/food_515.jpg
516;15.21675303;86.25515688;5.233835704;data/images/food_516.jpg
517;16.82573354;89.07220762;4.641446596;data/images/food_517.jpg
518;21.38627275;59.26285445;4.881536666;data/images/food_518.jpg
519;34.00123934;55.03638287;1.370416847;data/images/food_519.jpg
520;26.46875776;52.56890852;3.475717586;data/images/food_520.jpg
521;27.63674424;73.90262876;1.915176079;data/images/food_521.jpg
522;23.96891044;92.14725615;2.126327419;data/images/food_522.jpg
523;20.86421543;51.77045933;5.054758263;data/images/food_523.jpg
524;21.57329091;55.49494613;5.32015047;data/images/food_524.jpg
525;28.45036912;70.34895627;2.244219811;data/images/food_525.jpg
526;30.83158087;64.22702472;1.86712489;data/images/food_526.jpg
527;30.79236286;72.82556639;1.218380921;data/images/food_527.jpg
528;16.82412206;51.87077866;6.349870071;data/images/food_528.jpg
529;24.88840609;56.67544404;3.505446743;data/images/food_529.jpg
530;16.1511752;94.39835553;4.996786023;data/images/food_530.jpg
531;25.99057765;93.43034134;2.00507287;data/images/food_531.jpg
532;23.83061003;50.22229914;3.953263201;data/images/food_532.jpg
533;22.01830025;78.7603972;2.970661697;data/images/food_533.jpg
534;17.34134033;89.05632325;3.654972656;data/images/food_534.jpg
535;17.85983364;70.4632935;4.80552662;data/images/food_535.jpg
536;30.23021263;73.20182129;1.702041882;data/images/food_536.jpg
537;27.36436127;71.99809611;2.667349337;data/images/food_537.jpg
538;17.02245352;80.00889159;5.149362074;data/images/food_538.jpg
539;16.68213612;56.28430646;6.543691734;data/images/food_539.jpg
540;29.01938263;51.34881154;2.984833778;data/images/food_540.jpg
541;16.45526013;63.85684737;5.549838796;data/images/food_541.jpg
542;29.12484454;59.08340535;2.708581132;data/images/food_542.jpg
543;16.62697561;80.3044595;5.373830006;data/images/food_543.jpg
544;16.69675428;93.64604207;4.903128297;data/images/food_544.jpg
545;34.73279157;54.22553221;1.223037842;data/images/food_545.jpg
546;22.48541592;80.26709532;3.416744563;data/images/food_546.jpg
547;22.41284294;69.96875987;4.312784243;data/images/food_547.jpg
548;22.52519171;92.50763988;2.279471356;data/images/food_548.jpg
549;16.67001433;80.74616127;4.889428301;data/images/food_549.jpg
550;26.16808499;77.80312581;2.105437446;data/images/food_550.jpg
551;23.48444018;89.1007243;1.552824396;data/images/food_551.jpg
552;17.22394965;51.36741769;6.26504696;data/images/food_552.jpg
553;24.85250209;91.8926913;1.541070494;data/images/food_553.jpg
554;15.2270729;81.0287038;5.710065776;data/images/food_554.jpg
555;24.37321284;80.44310236;3.134666099;data/images/food_555.jpg
556;16.12606551;59.70538186;5.373131321;data/images/food_556.jpg
557;17.37635833;79.64984616;4.423237805;data/images/food_557.jpg
558;17.35052494;67.72389825;5.024076432;data/images/food_558.jpg
559;27.98420604;79.30548397;1.169512438;data/images/food_559.jpg
560;29.92089759;54.79668636;2.698633827;data/images/food_560.jpg
561;26.6673753;79.60303871;1.922722405;data/images/food_561.jpg
562;22.49741159;52.16954175;3.640368253;data/images/food_562.jpg
563;20.71424173;93.97283829;3.404794583;data/images/food_563.jpg
564;19.47191677;89.18390527;3.729196021;data/images/food_564.jpg
565;15.24308949;75.51573174;6.331615863;data/images/food_565.jpg
566;15.86319824;89.53320026;3.254624437;data/images/food_566.jpg
567;25.55402218;64.71649227;3.998224323;data/images/food_567.jpg
568;16.47593129;86.35306739;4.84439695;data/images/food_568.jpg
569;26.07708569;84.30283106;1.715914648;data/images/food_569.jpg
570;25.46195688;69.60124917;2.394577377;data/images/food_570.jpg
571;27.58797276;86.80253973;1.621660069;data/images/food_571.jpg
572;28.91497378;55.40940749;2.807772571;data/images/food_572.jpg
573;24.0908213;74.50200941;3.577758095;data/images/food_573.jpg
574;27.5511616;50.25913972;4.601524553;data/images/food_574.jpg
575;26.68628624;64.60636235;2.960003995;data/images/food_575.jpg
576;15.90892761;67.82777112;5.823146006;data/images/food_576.jpg
577;20.61926379;81.2960243;2.864881695;data/images/food_577.jpg
578;24.11313506;60.68948589;3.46954099;data/images/food_578.jpg
579;27.40265196;66.79633062;2.515565318;data/images/food_579.jpg
580;20.54762366;60.22713323;4.413146275;data/images/food_580.jpg
581;18.76242319;53.29381657;6.267097547;data/images/food_581.jpg
582;24.2739681;77.1551867;2.860153768;data/images/food_582.jpg
583;22.06704456;80.06957593;3.371757675;data/images/food_583.jpg
584;26.67312224;77.87706557;1.940262692;data/images/food_584.jpg
585;16.55469274;70.85723197;5.568325922;data/images/food_585.jpg
586;28.96323428;73.35868033;1.314037455;data/images/food_586.jpg
587;25.72192733;71.56318449;2.553399563;data/images/food_587.jpg
588;21.19055233;51.15389296;4.412204192;data/images/food_588.jpg
589;28.69462345;67.10880285;1.798062386;data/images/food_589.jpg
590;18.25233879;67.94702514;5.564141697;data/images/food_590.jpg
591;27.26830392;86.58435824;1.685523337;data/images/food_591.jpg
592;23.36486073;82.31553843;2.823153984;data/images/food_592.jpg
593;32.32127779;50.82046622;1.471214023;data/images/food_593.jpg
594;15.9043734;58.81000936;5.068778932;data/images/food_594.jpg
595;15.52733949;50.34032937;6.757642103;data/images/food_595.jpg
596;22.52926734;79.13636214;3.99577576;data/images/food_596.jpg
597;34.74552259;60.95670335;1.011206799;data/images/food_597.jpg
598;18.00833782;91.71655452;4.629736288;data/images/food_598.jpg
599;26.88261431;52.71203256;3.343942875;data/images/food_599.jpg
600;22.61781713;92.04962121;2.710831654;data/images/food_600.jpg
601;31.84237846;54.56393728;1.561053169;data/images/food_601.jpg
602;31.76657409;71.86422916;1.184701888;data/images/food_602.jpg
603;24.3738632;61.55494555;4.212035982;data/images/food_603.jpg
604;23.29639005;62.81928059;3.800395819;data/images/food_604.jpg
605;20.46814144;63.82804842;4.443060515;data/images/food_605.jpg
606;16.12750993;86.1361654;4.855202729;data/images/food_606.jpg
607;26.10863411;62.26808003;2.443649552;data/images/food_607.jpg
608;30.3797483;68.60970957;1.201519932;data/images/food_608.jpg
609;31.99294781;58.15172073;1.267905415;data/images/food_609.jpg
610;19.94696203;80.65030343;4.709629985;data/images/food_610.jpg
611;24.01088271;58.16472565;4.051871288;data/images/food_611.jpg
612;17.5831883;73.63235227;5.193663076;data/images/food_612.jpg
613;27.12349269;54.80946154;2.553062557;data/images/food_613.jpg
614;19.57285611;75.52904988;4.871246567;data/images/food_614.jpg
615;28.43401369;61.54532527;2.354647487;data/images/food_615.jpg
616;27.36256481;93.33170939;1.459885397;data/images/food_616.jpg
617;22.16325436;71.7595541;3.22711737;data/images/food_617.jpg
618;17.27115184;86.26966474;3.728291827;data/images/food_618.jpg
619;28.43146391;74.7601944;2.141495936;data/images/food_619.jpg
620;25.40615402;51.95356398;3.968680359;data/images/food_620.jpg
621;25.40327002;92.8131504;1.303529933;data/images/food_621.jpg
622;32.04363001;77.07253191;1.096001795;data/images/food_622.jpg
623;26.03813678;86.86349867;1.250678087;data/images/food_623.jpg
624;26.21875943;89.78929085;2.466244105;data/images/food_624.jpg
625;23.06965732;59.5420178;4.421197876;data/images/food_625.jpg
626;17.68030457;77.4941445;4.656892167;data/images/food_626.jpg
627;15.57565353;68.49628114;6.204083601;data/images/food_627.jpg
628;27.40619103;90.50104055;1.171694211;data/images/food_628.jpg
629;29.08159536;65.90396207;2.000782876;data/images/food_629.jpg
630;19.25928323;60.65917515;4.688162545;data/images/food_630.jpg
631;17.72742951;85.12364819;4.79600091;data/images/food_631.jpg
632;15.29089331;62.3662716;6.037811643;data/images/food_632.jpg
633;22.01175118;87.01764433;2.931292473;data/images/food_633.jpg
634;26.79835374;69.06822141;2.009908121;data/images/food_634.jpg
635;22.8448809;80.03974547;1.863381627;data/images/food_635.jpg
636;23.74949844;54.29908912;4.06468213;data/images/food_636.jpg
637;33.08317389;78.07366961;1.377672063;data/images/food_637.jpg
638;21.96510934;70.32954554;4.286292065;data/images/food_638.jpg
639;25.27978978;76.39738084;2.586563833;data/images/food_639.jpg
640;30.67306025;57.56063935;1.788604542;data/images/food_640.jpg
641;22.93085565;83.15931852;2.974010326;data/images/food_641.jpg
642;27.441734;88.82586849;1.599745932;data/images/food_642.jpg
643;33.99041247;54.307155;1.644679355;data/images/food_643.jpg
644;17.94146962;51.06373637;6.422062954;data/images/food_644.jpg
645;24.84232586;77.31923162;2.90057853;data/images/food_645.jpg
646;20.16488777;74.60138357;4.23027282;data/images/food_646.jpg
647;24.18271512;60.43761933;4.059735114;data/images/food_647.jpg
648;24.85236188;76.75143508;2.529699326;data/images/food_648.jpg
649;21.57503221;72.35450865;3.622964019;data/images/food_649.jpg
650;27.66801709;94.45034841;1.028005601;data/images/food_650.jpg
651;19.80291238;56.13978887;6.02664692;data/images/food_651.jpg
652;16.51726656;81.28150493;4.361191247;data/images/food_652.jpg
653;17.57759444;68.19434456;4.583241807;data/images/food_653.jpg
654;17.56091678;69.26898267;5.350656253;data/images/food_654.jpg
655;18.03805387;82.29189945;4.499432717;data/images/food_655.jpg
656;17.77654345;81.15962681;4.695726456;data/images/food_656.jpg
657;27.8174949;94.60651972;1.046402144;data/images/food_657.jpg
658;18.63760169;55.77774303;5.508231215;data/images/food_658.jpg
659;21.91334567;54.68493422;5.436681308;data/images/food_659.jpg
660;24.47923281;76.02741127;2.440611083;data/images/food_660.jpg
661;28.35115477;62.33723;2.326164689;data/images/food_661.jpg
662;18.44639742;53.5738716;4.965792787;data/images/food_662.jpg
663;18.84578038;53.85462123;5.565607623;data/images/food_663.jpg
664;15.81737233;90.23858936;5.573593917;data/images/food_664.jpg
665;18.37870126;58.63402961;5.565131385;data/images/food_665.jpg
666;20.57180678;64.5517203;4.716222404;data/images/food_666.jpg
667;18.54020969;60.1995381;4.797877807;data/images/food_667.jpg
668;16.77405068;65.97483376;5.360862405;data/images/food_668.jpg
669;17.41271742;53.12407292;5.932382937;data/images/food_669.jpg
670;24.21557536;73.35769059;2.908585314;data/images/food_670.jpg
671;19.12667437;53.04256536;6.250691319;data/images/food_671.jpg
672;22.28539722;86.01604285;3.292424221;data/images/food_672.jpg
673;25.06834542;60.51704369;2.897915212;data/images/food_673.jpg
674;28.80789657;74.30053616;1.76585661;data/images/food_674.jpg
675;15.7862428;89.60355894;5.033060088;data/images/food_675.jpg
676;30.98820798;79.28948161;1.309138045;data/images/food_676.jpg
677;27.55800779;73.98310039;2.823712987;data/images/food_677.jpg
678;16.63518064;64.59501889;5.272147768;data/images/food_678.jpg
679;16.2215592;94.73627125;4.279708749;data/images/food_679.jpg
680;20.53755296;79.78276354;4.082775121;data/images/food_680.jpg
681;31.1240256;75.10025378;1.40144689;data/images/food_681.jpg
682;18.69042039;70.93425255;4.686237495;data/images/food_682.jpg
683;19.18698647;52.70640542;5.684462785;data/images/food_683.jpg
684;22.40944206;75.30335671;3.094428097;data/images/food_684.jpg
685;24.6904597;93.0931378;2.98297456;data/images/food_685.jpg
686;27.36509543;57.88863241;2.092209237;data/images/food_686.jpg
687;22.37827279;81.05022009;3.326377448;data/images/food_687.jpg
688;24.25069432;59.04201599;4.784494013;data/images/food_688.jpg
689;29.94941876;74.1122458;1.312962003;data/images/food_689.jpg
690;15.73366406;54.35044023;6.467359253;data/images/food_690.jpg
691;20.04873889;70.26669213;4.293321016;data/images/food_691.jpg
692;32.90413675;65.64071859;1.533147282;data/images/food_692.jpg
693;25.23354884;79.9210276;1.327953012;data/images/food_693.jpg
694;25.64226971;85.79524824;2.784273527;data/images/food_694.jpg
695;17.14344023;91.72300188;3.558839262;data/images/food_695.jpg
696;23.94824734;60.55889368;3.65425495;data/images/food_696.jpg
697;25.65234533;67.96921621;2.691213381;data/images/food_697.jpg
698;19.84941007;56.8587206;5.496517583;data/images/food_698.jpg
699;20.38486462;94.6617576;2.352390559;data/images/food_699.jpg
700;22.54568326;91.71504356;2.881629177;data/images/food_700.jpg
701;15.40142396;74.29807086;6.676824082;data/images/food_701.jpg
702;21.44158331;87.89149825;2.491363092;data/images/food_702.jpg
703;19.22896014;73.44310898;4.654009593;data/images/food_703.jpg
704;21.54994704;78.06135596;3.300957;data/images/food_704.jpg
705;17.39524264;54.01059945;6.29384084;data/images/food_705.jpg
706;26.87184907;55.74710676;2.830346486;data/images/food_706.jpg
707;28.58204638;87.17304336;1.31067006;data/images/food_707.jpg
708;30.78342477;85.19126395;1.407583426;data/images/food_708.jpg
709;24.96884398;81.8935114;2.319219341;data/images/food_709.jpg
710;16.73840576;51.62721712;6.756996386;data/images/food_710.jpg
711;25.74213084;63.64077602;2.448685469;data/images/food_711.jpg
712;26.73682236;61.84006565;2.408731821;data/images/food_712.jpg
713;29.90878948;66.20613834;1.953259377;data/images/food_713.jpg
714;23.63319092;53.9439236;4.954904557;data/images/food_714.jpg
715;17.55160606;92.16310204;4.304169756;data/images/food_715.jpg
716;20.67551812;74.92110083;3.894760508;data/images/food_716.jpg
717;22.26164593;63.74859398;4.133722225;data/images/food_717.jpg
718;27.91834483;67.86416827;1.606084272;data/images/food_718.jpg
719;26.41556609;70.12411432;2.871382119;data/images/food_719.jpg
720;22.12193452;77.026745;3.953248926;data/images/food_720.jpg
721;27.11549639;91.37263879;1.06169807;data/images/food_721.jpg
722;19.74453583;72.36335673;4.591410528;data/images/food_722.jpg
723;17.03564945;94.64711067;3.938589763;data/images/food_723.jpg
724;18.05718278;88.3141231;4.134072703;data/images/food_724.jpg
725;19.91915457;59.38297315;6.104965867;data/images/food_725.jpg
726;18.21362747;91.87678466;3.818559677;data/images/food_726.jpg
727;18.73134048;55.2364879;5.439603384;data/images/food_727.jpg
728;20.70190337;86.78523688;3.126396241;data/images/food_728.jpg
729;18.46747191;67.12804821;5.475452004;data/images/food_729.jpg
730;16.60467491;89.06255105;4.240783454;data/images/food_730.jpg
731;25.49022779;86.26664301;2.700251528;data/images/food_731.jpg
732;23.20793654;85.55136963;3.469852059;data/images/food_732.jpg
733;17.24077804;53.64136774;5.212428224;data/images/food_733.jpg
734;22.95711198;68.13410804;4.209917848;data/images/food_734.jpg
735;20.15805654;93.90245904;3.703758755;data/images/food_735.jpg
736;18.41775175;78.84374348;3.926901337;data/images/food_736.jpg
737;28.3728644;87.01162536;1.502941472;data/images/food_737.jpg
738;33.58751978;55.96361027;1.132700085;data/images/food_738.jpg
739;26.13525786;88.7906517;1.242920347;data/images/food_739.jpg
740;26.43225379;91.52407357;1.290602028;data/images/food_740.jpg
741;20.59958187;71.91778635;4.567395349;data/images/food_741.jpg
742;30.38985866;77.2813822;1.071920517;data/images/food_742.jpg
743;18.74087497;84.41644104;4.449121947;data/images/food_743.jpg
744;21.47358473;57.86773823;5.652757962;data/images/food_744.jpg
745;23.50872877;72.61547344;2.53448689;data/images/food_745.jpg
746;25.15220757;67.93983625;3.865952203;data/images/food_746.jpg
747;19.84819465;56.58682965;5.268378092;data/images/food_747.jpg
748;17.29673649;66.539049;5.034634577;data/images/food_748.jpg
749;27.21240085;53.06775392;2.517735236;data/images/food_749.jpg
750;20.77261106;51.16153581;5.115579695;data/images/food_750.jpg
751;26.62476443;56.08248301;3.669271577;data/images/food_751.jpg
752;18.08725431;93.34018002;3.843040147;data/images/food_752.jpg
753;24.62280204;74.72882912;3.632295398;data/images/food_753.jpg
754;16.03647074;69.46240452;5.709894079;data/images/food_754.jpg
755;21.73208556;64.03172599;3.652591309;data/images/food_755.jpg
756;17.68829354;72.77638383;5.236508688;data/images/food_756.jpg
757;16.26749941;69.77802599;6.074292573;data/images/food_757.jpg
758;21.4470769;78.83718416;2.321910794;data/images/food_758.jpg
759;31.19748892;59.72171821;1.754141488;data/images/food_759.jpg
760;20.0928131;77.88145797;4.296452449;data/images/food_760.jpg
761;28.63005444;79.25904916;1.650178586;data/images/food_761.jpg
762;30.2045572;56.84111839;2.714468017;data/images/food_762.jpg
763;26.91277481;52.76073322;2.752604056;data/images/food_763.jpg
764;24.43152377;85.13427137;2.753937353;data/images/food_764.jpg
765;23.23681828;70.69101907;4.090657318;data/images/food_765.jpg
766;21.97736533;52.6173708;3.886628069;data/images/food_766.jpg
767;31.61238816;52.60012524;1.634187376;data/images/food_767.jpg
768;17.48594447;94.26555164;4.214777319;data/images/food_768.jpg
769;29.6173495;60.76310469;1.833025632;data/images/food_769.jpg
770;18.62466132;55.46232227;5.656561698;data/images/food_770.jpg
771;16.32992535;63.64738164;5.375030344;data/images/food_771.jpg
772;29.82241299;54.5470615;1.783010465;data/images/food_772.jpg
773;26.48946226;81.14726038;2.335484944;data/images/food_773.jpg
774;31.83657554;52.80313092;1.234473776;data/images/food_774.jpg
775;17.79544753;72.92399577;5.348322202;data/images/food_775.jpg
776;19.0325464;86.62866213;3.095899609;data/images/food_776.jpg
777;18.27311886;77.68487472;4.295038281;data/images/food_777.jpg
778;18.28531596;63.78141294;5.922389267;data/images/food_778.jpg
779;28.30394441;73.71686588;1.590771251;data/images/food_779.jpg
780;25.4613085;69.17375228;3.133950284;data/images/food_780.jpg
781;22.17660968;55.88196695;4.944614002;data/images/food_781.jpg
782;22.84890215;70.2403092;3.334558798;data/images/food_782.jpg
783;31.33198879;58.75801303;2.373687642;data/images/food_783.jpg
784;23.78269817;66.54917079;4.407181841;data/images/food_784.jpg
785;22.53888859;68.63583886;4.295970506;data/images/food_785.jpg
786;24.25359571;87.2392053;2.404620092;data/images/food_786.jpg
787;21.02755748;83.01264713;3.136967538;data/images/food_787.jpg
788;25.0544078;50.4964069;4.220114367;data/images/food_788.jpg
789;19.6442539;68.72692992;4.879576444;data/images/food_789.jpg
790;32.99149147;71.66048682;1.220327516;data/images/food_790.jpg
791;22.67782443;50.86365246;4.978695095;data/images/food_791.jpg
792;25.87105722;61.69159439;2.402562963;data/images/food_792.jpg
793;27.48475992;56.16993676;2.447044873;data/images/food_793.jpg
794;17.33796081;74.08895592;4.902178324;data/images/food_794.jpg
795;33.79664247;59.68408424;1.001903149;data/images/food_795.jpg
796;27.55416106;50.54543486;4.204313684;data/images/food_796.jpg
797;21.69811229;60.85406559;6.00282231;data/images/food_797.jpg
798;17.78544145;93.91431897;4.272013145;data/images/food_798.jpg
799;27.40145512;93.18094899;1.387768839;data/images/food_799.jpg
800;25.66922184;71.95343198;3.145389562;data/images/food_800.jpg
801;32.87785166;54.93812894;1.229404242;data/images/food_801.jpg
802;30.77194422;74.658177;1.93311356;data/images/food_802.jpg
803;18.03349759;70.44698006;5.182637098;data/images/food_803.jpg
804;21.23444136;87.99606872;3.478735702;data/images/food_804.jpg
805;19.9697828;54.41371614;5.62134148;data/images/food_805.jpg
806;29.87892585;71.97085117;1.648572992;data/images/food_806.jpg
807;15.67064869;56.75218991;6.880666146;data/images/food_807.jpg
808;26.3977937;64.61041671;2.541514462;data/images/food_808.jpg
809;21.84163497;66.91497283;4.321511481;data/images/food_809.jpg
810;31.42514609;67.75143254;1.574352797;data/images/food_810.jpg
811;17.21263474;70.67510458;5.531340782;data/images/food_811.jpg
812;17.54977325;90.143811;4.225079466;data/images/food_812.jpg
813;22.94574581;92.99006089;2.80114404;data/images/food_813.jpg
814;17.99834855;64.19331031;5.197280069;data/images/food_814.jpg
815;19.5850279;80.96606177;4.423957419;data/images/food_815.jpg
816;29.44505137;69.69214058;2.106428616;data/images/food_816.jpg
817;29.40073073;61.46017799;1.959788407;data/images/food_817.jpg
818;27.82295266;87.83922107;1.225353523;data/images/food_818.jpg
819;28.87896889;51.7291857;1.990913175;data/images/food_819.jpg
820;25.85448887;90.57928965;1.536174257;data/images/food_820.jpg
821;20.03598118;70.76648591;4.896072933;data/images/food_821.jpg
822;21.91391987;78.67406646;3.779723224;data/images/food_822.jpg
823;18.63195434;79.6709265;4.677200235;data/images/food_823.jpg
824;26.6678359;78.6501357;2.070674026;data/images/food_824.jpg
825;23.01702834;77.62701131;2.883380364;data/images/food_825.jpg
826;24.24011607;52.99934183;4.427412297;data/images/food_826.jpg
827;18.06702806;56.75760504;5.988020753;data/images/food_827.jpg
828;26.72459664;83.18451959;1.560377607;data/images/food_828.jpg
829;25.11777358;73.04998644;1.735497145;data/images/food_829.jpg
830;27.22908471;80.61025006;2.34933844;data/images/food_830.jpg
831;15.36220368;51.87528053;6.558156143;data/images/food_831.jpg
832;32.44247818;53.81564072;1.145086628;data/images/food_832.jpg
833;26.30266367;53.24379512;3.251004823;data/images/food_833.jpg
834;28.93301648;53.20655275;3.189735611;data/images/food_834.jpg
835;33.44998762;50.54488139;1.746262618;data/images/food_835.jpg
836;18.05078086;83.18787618;3.742394078;data/images/food_836.jpg
837;26.5257672;65.89631338;3.353426163;data/images/food_837.jpg
838;27.13430093;63.34410116;2.823129929;data/images/food_838.jpg
839;23.48261343;65.73664534;3.483745136;data/images/food_839.jpg
840;33.51137026;58.33380055;1.234225301;data/images/food_840.jpg
841;24.01678743;57.83492009;3.388532013;data/images/food_841.jpg
842;17.26476092;54.42780424;5.42284637;data/images/food_842.jpg
843;17.49325362;61.92708927;5.341037752;data/images/food_843.jpg
844;33.41683765;50.94252325;2.194686397;data/images/food_844.jpg
845;32.39792724;53.69772504;1.327834844;data/images/food_845.jpg
846;26.82550871;63.29501499;2.229334416;data/images/food_846.jpg
847;22.98005408;84.61504165;3.493137504;data/images/food_847.jpg
848;16.09523278;78.1098606;5.187988048;data/images/food_848.jpg
849;21.70394483;67.18728378;3.855308713;data/images/food_849.jpg
850;31.05706897;59.2559268;1.800092081;data/images/food_850.jpg
851;15.09264046;55.46238882;6.949979789;data/images/food_851.jpg
852;21.66998343;77.67558356;4.1739252;data/images/food_852.jpg
853;22.96337387;84.85852013;3.592311447;data/images/food_853.jpg
854;25.74791206;78.97569141;2.146957489;data/images/food_854.jpg
855;21.92691989;51.88780505;4.620801201;data/images/food_855.jpg
856;21.93906404;93.58199499;2.869321292;data/images/food_856.jpg
857;24.04435882;63.17699165;3.149267315;data/images/food_857.jpg
858;19.49209646;94.09866482;3.619331762;data/images/food_858.jpg
859;24.04879032;77.08467153;2.906803151;data/images/food_859.jpg
860;17.81714041;76.20901962;4.860805394;data/images/food_860.jpg
861;18.52773973;83.66329307;3.87926576;data/images/food_861.jpg
862;24.96735545;86.52964046;2.068110983;data/images/food_862.jpg
863;23.37850899;79.54153733;2.547253864;data/images/food_863.jpg
864;33.29691802;55.76430859;1.66780837;data/images/food_864.jpg
865;22.24787798;65.22203777;4.582159384;data/images/food_865.jpg
866;27.64528576;60.10770253;2.236273716;data/images/food_866.jpg
867;15.26188913;66.74751607;5.335792829;data/images/food_867.jpg
868;28.27074744;69.44345973;1.721590814;data/images/food_868.jpg
869;18.56071934;69.77322454;4.901403987;data/images/food_869.jpg
870;17.97325456;92.4384127;3.525173092;data/images/food_870.jpg
871;23.29248247;60.83117203;3.46871797;data/images/food_871.jpg
872;16.70699336;55.46756193;6.31815756;data/images/food_872.jpg
873;25.04390021;89.91162051;1.630380136;data/images/food_873.jpg
874;26.90770035;79.06148657;2.063026004;data/images/food_874.jpg
875;16.34152955;62.86580552;5.680910818;data/images/food_875.jpg
876;19.19811186;88.76164984;4.639209995;data/images/food_876.jpg
877;19.10279281;91.35169401;3.051786838;data/images/food_877.jpg
878;18.81375441;61.35084591;5.70319759;data/images/food_878.jpg
879;15.73099336;83.97688679;5.48755593;data/images/food_879.jpg
880;24.4413389;70.72427738;2.557252816;data/images/food_880.jpg
881;26.29682267;87.88993488;2.125845278;data/images/food_881.jpg
882;16.31417279;82.78208047;5.735610099;data/images/food_882.jpg
883;24.06577669;79.5272827;2.345151446;data/images/food_883.jpg
884;25.48780539;57.98429463;3.963274386;data/images/food_884.jpg
885;23.81525494;74.52621135;3.264860606;data/images/food_885.jpg
886;23.01526122;94.31013828;2.655652858;data/images/food_886.jpg
887;26.19280663;92.18246299;1.703329471;data/images/food_887.jpg
888;18.10480492;51.94281811;6.166765579;data/images/food_888.jpg
889;18.63856261;57.41666671;4.874361817;data/images/food_889.jpg
890;32.23571242;55.92779481;2.056555387;data/images/food_890.jpg
891;22.46618633;86.80033984;2.805431738;data/images/food_891.jpg
892;20.41489346;59.60801148;4.873392912;data/images/food_892.jpg
893;27.87999086;72.76337118;1.23228043;data/images/food_893.jpg
894;23.17468342;87.83163626;2.913140538;data/images/food_894.jpg
895;15.50772711;82.97606951;5.484907111;data/images/food_895.jpg
896;18.12305195;74.40067425;4.811955195;data/images/food_896.jpg
897;29.31944458;76.56564607;1.938061003;data/images/food_897.jpg
898;28.17847884;72.87622461;1.735606502;data/images/food_898.jpg
899;15.54191985;63.38968031;6.450242992;data/images/food_899.jpg
900;19.43944324;75.42598968;3.887035375;data/images/food_900.jpg
901;19.62149593;80.99983859;4.051783215;data/images/food_901.jpg
902;15.39421076;78.63311093;5.562735188;data/images/food_902.jpg
903;17.08217164;84.25046917;4.478061585;data/images/food_903.jpg
904;30.99832171;57.20322357;1.774606011;data/images/food_904.jpg
905;18.57089324;70.77008635;5.303251296;data/images/food_905.jpg
906;28.05492216;50.41992289;2.84414509;data/images/food_906.jpg
907;19.76365562;61.1005489;4.212587318;data/images/food_907.jpg
908;16.98882786;82.69077718;5.643604737;data/images/food_908.jpg
909;19.86344382;94.63144781;4.000121503;data/images/food_909.jpg
910;29.44533864;54.46301448;1.797116337;data/images/food_910.jpg
911;32.11392936;68.06724421;1.307312883;data/images/food_911.jpg
912;22.94367059;59.18160356;4.289562252;data/images/food_912.jpg
913;28.36170273;74.97882272;1.889660109;data/images/food_913.jpg
914;19.09968591;82.98820832;4.003479911;data/images/food_914.jpg
915;20.86295461;77.71934526;3.463263523;data/images/food_915.jpg
916;15.26003847;65.99230559;5.664277222;data/images/food_916.jpg
917;16.71017062;85.2706303;4.307506196;data/images/food_917.jpg
918;19.1577251;74.94019314;4.472083667;data/images/food_918.jpg
919;15.53064408;50.23533261;6.471160152;data/images/food_919.jpg
920;18.6287087;84.2445842;4.540184212;data/images/food_920.jpg
921;26.66083122;51.58901097;4.165923163;data/images/food_921.jpg
922;23.42849101;83.55802022;2.503525065;data/images/food_922.jpg
923;32.85343422;59.11162521;1.308090723;data/images/food_923.jpg
924;21.83634703;66.55733381;4.357230335;data/images/food_924.jpg
925;20.18846867;64.71192274;4.745840897;data/images/food_925.jpg
926;22.59384816;56.69996226;4.758188647;data/images/food_926.jpg
927;26.80589885;63.7521897;3.011745336;data/images/food_927.jpg
928;20.36127282;89.44928428;2.80032273;data/images/food_928.jpg
929;27.48297816;94.83504519;1.447932325;data/images/food_929.jpg
930;23.18823304;66.57392887;4.158479062;data/images/food_930.jpg
931;26.04094362;70.18747839;2.296699943;data/images/food_931.jpg
932;23.72253058;82.49319222;2.777550132;data/images/food_932.jpg
933;20.88931519;89.87881012;3.580929433;data/images/food_933.jpg
934;30.27211588;67.61865642;2.073921438;data/images/food_934.jpg
935;17.80226352;68.56798284;6.412858051;data/images/food_935.jpg
936;24.74862396;50.14482186;3.377649416;data/images/food_936.jpg
937;30.99710512;65.99718547;1.761790443;data/images/food_937.jpg
938;23.50427009;85.73887991;2.546341791;data/images/food_938.jpg
939;15.44938617;54.18457879;7.382585542;data/images/food_939.jpg
940;20.37354719;76.46910201;3.395177843;data/images/food_940.jpg
941;25.83268429;71.64378004;3.014465021;data/images/food_941.jpg
942;27.6695644;78.90464867;1.450967837;data/images/food_942.jpg
943;20.15775371;52.91841175;6.166442253;data/images/food_943.jpg
944;17.78712148;76.09927043;5.85515771;data/images/food_944.jpg
945;25.51380365;77.156945;2.9178056;data/images/food_945.jpg
946;18.43358572;80.44105718;4.254306101;data/images/food_946.jpg
947;20.44614653;86.22450499;3.532225183;data/images/food_947.jpg
948;15.36781353;62.14193241;6.295253531;data/images/food_948.jpg
949;17.35502166;72.4215057;5.165499345;data/images/food_949.jpg
950;26.53032951;53.46762256;3.022656132;data/images/food_950.jpg
951;20.48110441;52.63479182;4.977367674;data/images/food_951.jpg
952;26.08356005;65.04072434;3.64471177;data/images/food_952.jpg
953;19.12842544;85.48767341;3.847607234;data/images/food_953.jpg
954;15.21991657;73.27710754;5.630289567;data/images/food_954.jpg
955;17.7377126;69.80895491;5.583424422;data/images/food_955.jpg
956;33.00037284;56.6353637;1.438145611;data/images/food_956.jpg
957;32.47780155;64.76867391;1.303532338;data/images/food_957.jpg
958;26.94826204;69.53087148;2.923070143;data/images/food_958.jpg
959;27.01033721;53.98701934;3.031893679;data/images/food_959.jpg
960;28.30073349;59.92753787;2.207284692;data/images/food_960.jpg
961;18.50742557;76.92013823;4.059190153;data/images/food_961.jpg
962;23.3754105;94.92563801;3.715642163;data/images/food_962.jpg
963;22.66277056;91.99009991;3.224003625;data/images/food_963.jpg
964;25.37835411;78.91543398;1.765184886;data/images/food_964.jpg
965;15.93931934;68.9561624;5.109167101;data/images/food_965.jpg
966;18.32566738;78.62798141;4.811833748;data/images/food_966.jpg
967;29.76067233;85.35432281;1.077714559;data/images/food_967.jpg
968;16.65597336;55.32512859;6.511393481;data/images/food_968.jpg
969;27.06304219;68.44572004;2.331323445;data/images/food_969.jpg
970;19.90698219;87.79110285;3.575623069;data/images/food_970.jpg
971;22.78591228;67.27248284;3.964541936;data/images/food_971.jpg
972;20.77387474;75.73425221;4.024071472;data/images/food_972.jpg
973;22.11345433;76.44962124;2.433832453;data/images/food_973.jpg
974;29.3809181;58.30143139;2.155753184;data/images/food_974.jpg
975;20.94243431;66.30059487;3.976536745;data/images/food_975.jpg
976;26.32809281;65.05300799;2.936527468;data/images/food_976.jpg
977;24.52100804;51.17885188;5.577384494;data/images/food_977.jpg
978;28.27342331;51.08862938;3.147282372;data/images/food_978.jpg
979;29.65144194;62.28818645;2.451058845;data/images/food_979.jpg
980;19.29880757;73.31354448;4.786024448;data/images/food_980.jpg
981;15.6236627;63.44265081;6.350815894;data/images/food_981.jpg
982;20.24528089;92.33056603;3.613312729;data/images/food_982.jpg
983;26.90155861;61.66835415;3.874386491;data/images/food_983.jpg
984;16.02851627;69.33455657;5.159273073;data/images/food_984.jpg
985;24.92732494;89.27286127;2.294975492;data/images/food_985.jpg
986;26.93685698;87.88701051;1.061401816;data/images/food_986.jpg
987;21.68487782;58.3745638;4.853564788;data/images/food_987.jpg
988;17.13196506;70.6184099;5.120806579;data/images/food_988.jpg
989;16.50275563;71.73359924;5.31494839;data/images/food_989.jpg
990;29.56377512;56.00659876;2.818445885;data/images/food_990.jpg
991;24.90982632;53.62706812;4.304925919;data/images/food_991.jpg
992;23.69654677;72.34075186;3.301465431;data/images/food_992.jpg
993;19.92804066;69.65828162;4.183883792;data/images/food_993.jpg
994;28.89392942;57.15086755;2.320036403;data/images/food_994.jpg
995;20.44290274;77.46013173;5.207480833;data/images/food_995.jpg
996;26.80461334;56.0909337;3.370549226;data/images/food_996.jpg
997;22.21947794;83.81187887;2.454753924;data/images/food_997.jpg
998;16.83164147;79.56298203;4.689971456;data/images/food_998.jpg
999;17.73637262;53.10311074;7.068154064;data/images/food_999.jpg
1000;23.92011546;62.69841836;2.749082252;data/images/food_1000.jpg
